{
  "project_info": {
    "project_number": "674304373294",
    "project_id": "final-viva-app",
    "storage_bucket": "final-viva-app.firebasestorage.app"
  },
  "client": [
    {
      "client_info": {
        "mobilesdk_app_id": "1:674304373294:android:8bb79e259cc21e0190a5bf",
        "android_client_info": {
          "package_name": "com.test.notify"
        }
      },
      "oauth_client": [],
      "api_key": [
        {
          "current_key": "AIzaSyDHOjNt7EPSFWTvGxLGTTlfBCaKJHCo920"
        }
      ],
      "services": {
        "appinvite_service": {
          "other_platform_oauth_client": []
        }
      }
    }
  ],
  "configuration_version": "1"
}